<RepLookupResponse>
    <RepLookupResult>
              <Rs>                    
            <M>rci.rogers.com</M>
            <C>PHSH:005:1:1</C>
            <R>0:1</R>
            <L>10080</L>
            <S>0</S>
        </Rs>      <Rs>                    
            <M>rci.rogers.com</M>
            <C>PHSH:005:1:1</C>
            <R>0:1</R>
            <L>10080</L>
            <S>0</S>
        </Rs>      <Rs>                    
            <M>rci.rogers.com</M>
            <C>PHSH:005:1:1</C>
            <R>0:1</R>
            <L>10080</L>
            <S>0</S>
        </Rs>
    </RepLookupResult>
    <Y>100</Y>
    <T>D13F00C3-16B3-DC5F-FA68-49565BAE83B4</T>
    <E>0</E>
</RepLookupResponse>