<RepLookupResponse>
    <RepLookupResult>
              <Rs>                    
            <M>rci.rogers.com</M>
            <C>PHSH:005:1:1</C>
            <R>0:1</R>
            <L>10080</L>
            <S>0</S>
        </Rs>      <Rs>                    
            <M>rci.rogers.com</M>
            <C>PHSH:005:1:1</C>
            <R>0:1</R>
            <L>10080</L>
            <S>0</S>
        </Rs>      <Rs>                    
            <M>rci.rogers.com</M>
            <C>PHSH:005:1:1</C>
            <R>0:1</R>
            <L>10080</L>
            <S>0</S>
        </Rs>
    </RepLookupResult>
    <Y>100</Y>
    <T>0DB39929-494E-2358-EFE9-C0ABBC1DFBF1</T>
    <E>0</E>
</RepLookupResponse>